esse mecanismo é o equivalente geológico de um cobertor numa noite fria que aquece a atmosfera da terra retendo radiação do sol que de outro modo se dissiparia no espaço	retendo	guardando	guardando	guardando	guardando	guardando	guardando	segurando	segurando	segurando	segurando	conservando	conservando	conservando	mantendo	mantendo	detendo	detendo	absorvendo	absorvendo	possuindo	contendo	trazendo	prendendo
mas escreveram eles no artigo hoje divulgado vai ser possível no futuro próximo fazer uma pele eletrônica que tenha funções que a pele humana não tem ao integrar vários sensores não apenas para pressão e temperatura mas também para luz umidade esforço e ultrassônicos	sensores	detectores	detectores	detectores	detectores	detectores	detectores	detectores	dispositivos	dispositivos	aparelhos	aparelhos	mecanismos que sentem	medidores
bacci pretende oferecer recompensa a chamada delação premiada a bandidos que colaborarem com as investigações para desarticular as grandes quadrilhas	desarticular	desmontar	desmontar	desmontar	desmontar	desmontar	desmontar	desmontar	desmontar	desmontar	desmontar	separar	separar	separar	separar	separar	separar	destruir	destruir	desfazer	desfazer	desencaixar	desgastar	exarticular	luxate
naquele país a ave é considerada uma praga	praga	peste	peste	peste	peste	peste	peste	peste	peste	peste	epidemia	epidemia	epidemia	epidemia	epidemia	maldição	maldição	maldição	doença	doença	tragédia	desgraça	desgraça	infestação
autores de furto estariam migrando para o roubo	migrando	mudando	mudando	mudando	mudando	mudando	mudando	mudando	mudando	mudando	mudando	mudando	mudando	mudando	mudando	mudando	passando	passando	deslocando-se	deslocando-se	indo	indo	se direcionando	deslocando	se mudando
perguntado se o protocolo de kyoto será ratificado no caso da eleição de um democrata para a presidência em 2008 kerry surpreendeu	ratificado	confirmado	confirmado	confirmado	confirmado	confirmado	confirmado	confirmado	confirmado	confirmado	aprovado	aprovado	aprovado	aprovado	aprovado	aprovado	aprovado	validado	validado	validado	validado	autenticado	autenticado	firmado	estipulado	corrigido
os reis magos no entanto são o oposto estão em plena forma física e representam um exemplo de pluralidade racial e integração	pluralidade	diversidade	diversidade	diversidade	diversidade	diversidade	diversidade	diversidade	diversidade	diversidade	diversidade	diversidade	diversidade	diversidade	diversidade	diversidade	diversidade	diversidade	variedade	variedade	variedade	numerosidade	numerosidade	multiplicidade	maioria	diferentes
sir david não poupou críticas à política ambiental do presidente george w bush que se recusa a apoiar o protocolo de kyoto tratado para reduzir as emissões de dióxido de carbono que intensificam o efeito estufa	intensificam	aumentam	aumentam	aumentam	aumentam	aumentam	aumentam	aumentam	aumentam	aumentam	aumentam	aumentam	aumentam	aumentam	aumentam	aumentam	aumentam	acentuam	acentuam	acentuam	pioram	aguçam	acrescentam	reforçam	fortalecem
quem não conseguir esgotar o armazenamento de diesel puro não pode misturar com o b2 porque o produto ficaria fora de especificação	esgotar	acabar	acabar	acabar	acabar	acabar	acabar	acabar	acabar	acabar	acabar	esvaziar	esvaziar	esvaziar	esvaziar	esvaziar	esvaziar	esvaziar	acabar com	acabar com	acabar com	acabar com	gastar	consumir	diminuir	zerar
com capacidade para 283 presos abriga atualmente 541 condenados quase o dobro do previsto	atualmente	hoje	hoje	hoje	hoje	hoje	hoje	hoje	hoje	hoje em dia	hoje em dia	hoje em dia	hoje em dia	na atualidade	na atualidade	no momento	no momento	presentemente	presentemente	agora	agora	no presente	presente
