), Fue un pianista y compositor folclórico, y figura fundamental en lo que a interpretación pianística del folclore argentino se refiere.	folclórico	popular	tradicional	local	de folclore	de musica folk	costumbrista	pintoresco	típico	tradicional	tradicional	pintoresco	típico	de folclor	tradicional	tradicional	tradicional	tradicional	típico	costumbrista	tradicional	tradicional	tradicional	pintoresco	de folclore
Además de partidos de fútbol americano, el estadio ha sido utilizado para una gran variedad de eventos, entre los que se destacan varios partidos de la selección nacional de fútbol de los Estados Unidos, y fue el hogar del ahora difunto club de la MLS, el Tampa Bay Mutiny.	difunto	muerto	fallecido	muerto	extinto	inexistente	muerto	fallecido	finado	fallecido	muerto	extinto	fallecido	desaparecido	muerto	fallecido	acabado	finado	extinto	extinto	inactivo	desaparecido	extinto	finado	extinto	extinto
Sufrió una importante reducción en su capacidad para poder acogerse a las normas de la FIFA para los estadios de fútbol.	acogerse	adaptarse	sumarse	incorporarse	obedecer	apegarse	adaptarse	adaptarse	ampararse	ampararse	adaptarse	apegarse	aceptar	asimilarse	adaptarse	aplicarse	aceptarse	incorporarse	refugiarse	amparar	recurrir	aceptar	refugiarse	cumplir con	adaptarse	admitirse
El texto denominado "Lamentos de Ipuwer" describe una situación caótica: reyes desacreditados, invasión asiática del Delta, desórdenes revolucionarios, destrucción de archivos y tumbas reales, ateísmo y divulgación de secretos religiosos.	desacreditados	difamados	difamados	desprestigiados	malos	desprestigiados	desprestigiados	difamados	desprestigiados	desprestigiados	difamados	desprestigiado	desprestigiados	difamados	desprestigiados	desacreditados	desprestigiados	demeritados	desmentidos	desprestigiados	desprestigiados	sin prestigio	olvidados	desprestigiados	denigrados	desacreditados
Floreció en la época clásica y tenía una reputada escuela de filosofía.	reputada	reconocida	famosa	prestigioso	afamada	conocida	prestigiosa	renombrada	muy reconocida	prestigiosa	valorada	conocida	respetada	prestigiosa	acreditada	afamada	famosa	reconocida	prestigiosa	prestigiosa	renombrada	prestigiada	prestigiosa	famosa	famosa	respetada
Pocos días más tarde, el 8 de septiembre, durante los Campeonatos de Europa de Roma, las mismas integrantes ganaron el oro y batieron el récord mundial con 42,51.	batieron	rompieron	rompieron	rompieron	rompieron	rompieron	consiguieron	vencieron	superaron	vencieron	rompieron	sobrepasaron	vencieron	rompieron	rompieron	conquistaron	percutieron	rompieron	rompieron	mejoraron	alcanzaron	vencieron	rompieron	lograron	rompieron	vencieron
Según algunos estudios se hace referencia a que la obra de construcción de la iglesia es anterior al S. XIV, pero debido a una gran reforma que sufrió entre los siglos XV y XVI que le da su imagen actual (excepto la fachada) hace que se catalogue como construida en el S. XVI.	catalogue	clasifique	determine	categorice	considere	entre	clasifique	etiquete	considere	clasifique	clasifique	identifique	clasifique	clasifique	clasifique	registre	clasifique	identifique	clasifique	clasifique	anote	clasifique	clasifique	clasifique	clasifique	categorice
Anteriormente el equipo jugaba las ligas de la extinta República Democrática Alemana y actualmente está jugando en la 2.	extinta	muerta	desaparecida	finada	desaparecida	extinta	difunta	desaparecida	finada	extinta	fallecida	extinta	inexistente	desaparecida	extinta	desaparecida	acabada	desaparecida	desaparecida	finalizada	difunta	desaparecida	desaparecida	desaparecida	desaparecida	difunta
Antes de aquello, el estadio albergaba una capacidad para más de 130.000 espectadores.	albergaba	alojaba	alojaba	acogía	tiene	tenía	aloja	acogía	alojaba	recibía	alojaba	tenía	alojaba	tiene	recibía	tenía	soportaba	recibía	guardaba	acogía	alojaba	recibía	tenía	recibía	tenía	tenía
Balbo era guardaespaldas de Cesare Battisti durante las manifestaciones realizadas a favor de la guerra.	guardaespaldas	guardia	segurata	escolta	defensor	gorila	protector	escolta	escolta	escolta	protector	guardián	protector	seguridad	protector	gorila	cuidador	protector	guardia	escolta	guardia	guardaespaldas	chaperón	guardía	cuidador	guardaespaldas
El representativo chileno obtuvo una muy buena participación al conquistar los tres primeros lugares del citado certamen.	representativo	representante	representante	característico	representante	representativo	famoso	representativo	comisionado	simbólico	simbolo	modelo	simbólico	representante	representante	representativo	ejemplar	representante	insigne	emblemático	representante	representante	representante	portavoz	grupo	seleccionado
El representativo chileno obtuvo una muy buena participación al conquistar los tres primeros lugares del citado certamen.	conquistar	ganar	colonizar	vencer	ganar	conquistar	apoderarse	adueñarse de los	ocupar	dominar	dominar	ganar	tomar	invadir	vencer	conquistar	dominar	obtener	ganar	ocupar	ganar	ganar	ganar	adueñarse	ganar	lograr
