esse mecanismo é o equivalente geológico de um cobertor numa noite fria que aquece a atmosfera da terra retendo radiação do sol que de outro modo se dissiparia no espaço	retendo
mas escreveram eles no artigo hoje divulgado vai ser possível no futuro próximo fazer uma pele eletrônica que tenha funções que a pele humana não tem ao integrar vários sensores não apenas para pressão e temperatura mas também para luz umidade esforço e ultrassônicos	sensores
bacci pretende oferecer recompensa a chamada delação premiada a bandidos que colaborarem com as investigações para desarticular as grandes quadrilhas	desarticular
naquele país a ave é considerada uma praga	praga
autores de furto estariam migrando para o roubo	migrando
perguntado se o protocolo de kyoto será ratificado no caso da eleição de um democrata para a presidência em 2008 kerry surpreendeu	ratificado
os reis magos no entanto são o oposto estão em plena forma física e representam um exemplo de pluralidade racial e integração	pluralidade
sir david não poupou críticas à política ambiental do presidente george w bush que se recusa a apoiar o protocolo de kyoto tratado para reduzir as emissões de dióxido de carbono que intensificam o efeito estufa	intensificam
quem não conseguir esgotar o armazenamento de diesel puro não pode misturar com o b2 porque o produto ficaria fora de especificação	esgotar
com capacidade para 283 presos abriga atualmente 541 condenados quase o dobro do previsto	atualmente
